[
    {
            "id":"prop1",
			"type":"House",
            "bedrooms":"3",
			"price":650000,
			"tenure":"Freehold",
			"description":"Attractive three bedroom semi-detached family home situated within 0.5 miles of Petts Wood station with fast trains to London and within easy walking distance of local shops, schools, bus routes and National Trust woodland. The property comprises; two receptions, fitted 18'9 x 10'1 kitchen/breakfast room and conservatory. The property also benefits from having a utility room and cloakroom. To the first floor there are three bedrooms and a family bathroom with separate WC. Additional features include double glazing, gas central heating and a well presented interior...",
			"location":"Petts Wood Road, Petts Wood, Orpington",
			"picture":"images/property1/prop1pic1small.jpg",
			"url":"property1.html",
            "added": {
                "month":"January",
                "day":12,
                "year":2016
            }
        },
		{
            "id":"prop2",
			"type":"Flat",
            "bedrooms":"2",
			"price":299995,
			"tenure":"Freehold",
			"description":"Presented in excellent decorative order throughout is this two double bedroom, two bathroom, garden flat. <br>The modern fitted kitchen is open plan to the living room which boasts solid wooden floors and includes integrated appliances including a dishwasher & a washing machine. This large open plan benefits from bi folding doors onto a secluded private courtyard garden. Both bedrooms are double sized, and the family bathroom boasts a matching three piece suite a shower attachment over the bath. There is also a separate wet room. There are walnut doors throughout and wiring for Sky TV/aerial points in the living room/kitchen and both bedrooms.<br>This apartment being only five years old, is still under a 10 year building guarantee...",
			"location":"Crofton Road Orpington BR6",
			"picture":"images/property2/prop2pic1small.jpg",
			"url":"property2.html",
            "added": {
                "month":"September",
                "day":14,
                "year":2016
            }
        },
		{
            "id":"prop3",
			"type":"House",
            "bedrooms":"7",
			"price":2099995,
			"tenure":"Freehold",
			"description":"This lovely location of so called “beautiful bay” was big inspiration to SAOTA’s designers. While approaching the house, you will notice numerous terraces and cantilevers defining the shape of this beautiful three story modern home. If you look closely on the floor plans, you will notice that a lot of effort was put on terrace design. Which is not surprising considering the surrounding nature and all the views this location offers.",
			"location":"South Africa, Bahia Formosa, Petts Road, Port Elizabeth",
			"picture":"images/property3/prop3pic1small.jpg",
			"url":"property3.html",
            "added": {
                "month":"July",
                "day":15,
                "year":2016
            }
        },
		{
            "id":"prop4",
			"type":"House",
            "bedrooms":"6",
			"price":1899995,
			"tenure":"Freehold",
			"description":"Blair Athol, The double volume entrance hall completely surrounded by glass, draws you in as it’s bordered by two double garages on either side. The symmetry of the timber wrapped garages highlights the transparency of the house as views of the garden captivate you even before you have entered. Enveloped in natural wood, the garage doors disappear into a timber wall paying tribute to Werner’s ability to transform the everyday ordinary into an extra ordinary design feature.",
			"location":"South Africa, Prince George Circuit, East London",
			"picture":"images/property4/prop4pic1small.jpg",
			"url":"property4.html",
            "added": {
                "month":"February",
                "day":29,
                "year":2016
            }
        },
		{
            "id":"prop5",
			"type":"Appartment",
            "bedrooms":"3",
			"price":96000,
			"tenure":"Freehold",
			"description":"Presented in excellent decorative order throughout is this two double bedroom, two bathroom, garden flat. <br>The modern fitted kitchen is open plan to the living room which boasts solid wooden floors and includes integrated appliances including a dishwasher & a washing machine. This large open plan benefits from bi folding doors onto a secluded private courtyard garden. Both bedrooms are double sized, and the family bathroom boasts a matching three piece suite a shower attachment over the bath. There is also a separate wet room. There are walnut doors throughout and wiring for Sky TV/aerial points in the living room/kitchen and both bedrooms.<br>This apartment being only five years old, is still under a 10 year building guarantee...",
			"location":"Ireland, Sandy Mount, Dublin",
			"picture":"images/property6/prop6pic1small.jpg",
			"url":"property5.html",
            "added": {
                "month":"January",
                "day":30,
                "year":2016
            }
        },
		{
            "id":"prop6",
			"type":"Appartment",
            "bedrooms":"1",
			"price":76000,
			"tenure":"Freehold",
			"description":"“Loft Town” is a 85 square meters apartment, designed for a lucky young couple. Having quite limited area to work with, Indrė decided to turn two small floors into comfortable living space using modern elements of Scandinavian interior design. First floor houses small modern kitchen, contemporary dining room and high ceiling living room. Kitchen is well lit by the daylight coming in through two large windows with modern window nooks. Dining room is designed as a connection space between kitchen and beautiful modern living room which is probably the smallest living room I have ever seen, but none the less beautiful or functional. (See this incredible small apartment for more ideas) Color palette used is well known in Scandinavian interior design, from white walls, elegant grey furniture to brown wooden flooring.",
			"location":"Finland, Killtalkio, Helinski",
			"picture":"images/property5/prop5pic1small.jpg",
			"url":"property6.html",
            "added": {
                "month":"August",
                "day":25,
                "year":2016
            }
        },
		{
            "id":"prop7",
			"type":"House",
            "bedrooms":"7",
			"price":1176000,
			"tenure":"Freehold",
			"description":"De Wet residence with its modern house design offers quite incredible architecture to live in. Even though two of four floors are “buried” below the ground floor, they still offer incredible ocean views, thanks to the hilly terrain on which the house is built. Creatively called “under water atrium” (because they are literally built beneath the swimming pool), those two floors housed playroom, gym and bedroom. Floors above the ground are imagined to have distinct identities. “The Family room, placed on the mountain side of the courtyard garden, provides for cocooned living while the double volume Living and Dining area on the sea side is more dramatic, with its rippling concrete feature fireplace wall and commanding views. This ocean fronting section is a soaring space anchored by concrete and rock – a five-tonne cocktail bar of rough-hewn granite holds down one side of the living space”",
			"location":"South Africa, Durban, Shell Parade",
			"picture":"images/property7/prop7pic1small.jpg",
			"url":"property7.html",
            "added": {
                "month":"December",
                "day":12,
                "year":2016
            }
        },
		{
            "id":"prop8",
			"type":"House",
            "bedrooms":"3",
			"price":1276000,
			"tenure":"Freehold",
			"description":"Already main gate design will let you know that this house is nothing like your usual neighborhood house. Street side entrance design with sternly dark brown color warns passers that people living here care about their privacy. Massive wooden doors kind of remind us on those medieval castles with huge wooden gates that served as a bridges while being open. On the other side, beautifully landscaped yard with lovely pond and lots of greenery welcomes everyone approaching this “modern palace”. It’s like a modern fairy tale. Main door design follows the gate design with wood and massiveness.",
			"location":"Australia, Melbourne, Greensborough",
			"picture":"images/property8/prop8pic1small.jpg",
			"url":"property8.html",
            "added": {
                "month":"March",
                "day":30,
                "year":2016
            }
        }
]